id;naam;categorie_id;gepubliceerd;gearchiveerd;created_at;updated_at;created_by;updated_by
1;Aquajogging;21;1;0;NULL;24/05/2011 11:51;NULL;NULL
2;Aquagym;21;1;0;NULL;24/05/2011 11:51;NULL;NULL
3;Tai chi;21;1;0;NULL;24/05/2011 11:55;NULL;NULL
5;Conditietraining (fitness);21;1;0;NULL;24/05/2011 11:50;NULL;NULL
6;Balsport;21;1;0;NULL;24/05/2011 11:50;NULL;NULL
8;B.B.B.;21;1;0;NULL;24/05/2011 11:51;NULL;NULL
9;Stretching;21;1;0;NULL;24/05/2011 11:54;NULL;NULL
1194;Seniorobic;21;1;0;NULL;24/05/2011 11:54;NULL;NULL
11;Seniorengym;21;1;0;NULL;24/05/2011 11:54;NULL;NULL
12;Spinning;21;1;0;NULL;24/05/2011 11:54;NULL;NULL
13;Switching;21;1;0;NULL;24/05/2011 11:55;NULL;NULL
16;Lessenreeks ;21;0;1;NULL;10/11/2010 9:43;NULL;NULL
17;Omnisportkamp;21;1;0;NULL;24/05/2011 11:53;NULL;NULL
19;Baseball;21;0;1;NULL;26/07/2010 9:34;NULL;NULL
1196;Bowling (gehandicapten);1;0;1;NULL;NULL;NULL;NULL
21;Dans;21;1;0;NULL;24/05/2011 11:50;NULL;NULL
22;Duiken;21;0;1;NULL;28/07/2010 10:06;NULL;NULL
24;Kleuterkamp;21;1;0;NULL;24/05/2011 11:53;NULL;NULL
25;Klimmen;21;1;0;NULL;24/05/2011 11:53;NULL;NULL
27;Paardrijden;21;0;1;NULL;NULL;NULL;NULL
1189;Hanguldo;21;1;0;NULL;24/05/2011 11:50;NULL;NULL
1190;Kumdo;21;1;0;NULL;24/05/2011 11:53;NULL;NULL
35;Gevechtssporten;21;0;1;NULL;NULL;NULL;NULL
36;Stoelturnen;21;1;0;NULL;24/05/2011 11:54;NULL;NULL
1001;Atletiek;24;1;0;NULL;NULL;NULL;NULL
1002;Atletiek - jogging;24;0;1;NULL;28/07/2010 9:53;NULL;NULL
1003;Veldloop;24;1;0;NULL;NULL;NULL;NULL
1048;Korfbal;55;1;0;NULL;NULL;NULL;NULL
1047;kaatsen;51;1;0;NULL;NULL;NULL;NULL
1046;Handbal;44;1;0;NULL;NULL;NULL;NULL
1045;Bowling;32;1;0;NULL;NULL;NULL;NULL
1043;Basketbal;27;1;0;NULL;28/07/2010 9:58;NULL;NULL
1042;American football;23;1;0;NULL;NULL;NULL;NULL
1041;Tennis;75;1;0;NULL;5/04/2011 13:14;NULL;NULL
1039;Tafeltennis;74;1;0;NULL;NULL;NULL;NULL
1038;Squash;72;1;0;NULL;NULL;NULL;NULL
1037;Snooker;48;1;0;NULL;NULL;NULL;NULL
1036;IJshockey;46;1;0;NULL;NULL;NULL;NULL
1035;Hockey;45;1;0;NULL;NULL;NULL;NULL
1034;Golf;42;1;0;NULL;NULL;NULL;NULL
1033;Cricket;33;1;0;NULL;NULL;NULL;NULL
1032;Biljart;2;0;1;NULL;NULL;NULL;NULL
1031;Baseball;26;1;0;NULL;NULL;NULL;NULL
1030;Badminton;25;1;0;NULL;NULL;NULL;NULL
1461;Krachtbal ;56;1;0;16/07/2010 9:25;16/07/2010 9:25;NULL;NULL
1469;Voetbal - minivoetbal;79;1;0;16/07/2010 11:04;16/07/2010 11:04;NULL;NULL
1051;Petanque;48;1;0;NULL;NULL;NULL;NULL
1052;Rugby;68;1;0;NULL;NULL;NULL;NULL
1053;Voetbal - veldvoetbal;79;1;0;NULL;19/10/2010 14:10;NULL;NULL
1054;Zaalvolleybal;80;1;0;NULL;NULL;NULL;NULL
1055;Voetbal - zaalvoetbal;79;1;0;NULL;NULL;NULL;NULL
1056;Bridge;38;1;0;NULL;NULL;NULL;NULL
1057;Dammen;38;1;0;NULL;NULL;NULL;NULL
1058;Schaken;38;1;0;NULL;NULL;NULL;NULL
1416;Paardrijden - dressuur;62;1;0;13/07/2010 13:11;13/07/2010 13:11;NULL;NULL
1060;Duivensport;36;1;0;NULL;NULL;NULL;NULL
1061;Hengelsport;36;1;0;NULL;NULL;NULL;NULL
1062;Hondensport;36;1;0;NULL;NULL;NULL;NULL
1454;Paardrijden - jumping;62;1;0;14/07/2010 14:39;14/07/2010 14:39;NULL;NULL
1468;Paardrijden - mennen;62;1;0;16/07/2010 10:56;16/07/2010 10:56;NULL;NULL
1065;Paardrijden;62;1;0;NULL;NULL;NULL;NULL
1068;Bmx;83;1;0;NULL;NULL;NULL;NULL
1449;Wielrennen - indoor (cyclobal);83;1;0;14/07/2010 11:27;14/07/2010 11:27;NULL;NULL
1070;Mountainbike;83;1;0;NULL;NULL;NULL;NULL
1071;Veldrijden;83;1;0;NULL;NULL;NULL;NULL
1072;Wielrennen ;83;1;0;NULL;NULL;NULL;NULL
1073;Boccia;89;1;0;NULL;NULL;NULL;NULL
1076;Rolstoelbasket;89;1;0;NULL;NULL;NULL;NULL
1077;Torbal;89;1;0;NULL;NULL;NULL;NULL
1470;Luchtsporten - modelluchtvaart;58;1;0;16/07/2010 11:21;16/07/2010 11:21;NULL;NULL
1083;Modelvaart;59;1;0;NULL;NULL;NULL;NULL
1085;Motorcross;60;1;0;NULL;NULL;NULL;NULL
1088;Aikido;22;1;0;NULL;NULL;NULL;NULL
1089;Boksen;30;1;0;NULL;NULL;NULL;NULL
1090;Budo;77;1;0;NULL;NULL;NULL;NULL
1091;Catch Arabe Libre;77;1;0;NULL;NULL;NULL;NULL
1095;Hapkido;77;1;0;NULL;NULL;NULL;NULL
1096;Judo;50;1;0;NULL;26/01/2012 12:04;NULL;29
1097;Ju-jitsu;49;1;0;NULL;NULL;NULL;NULL
1098;Jun fan gung fu;77;1;0;NULL;NULL;NULL;NULL
1099;Karate;53;1;0;NULL;NULL;NULL;NULL
1100;Kickboxing;77;1;0;NULL;NULL;NULL;NULL
1101;Thaiboxing;77;1;0;NULL;NULL;NULL;NULL
1102;Kung fu;77;1;0;NULL;NULL;NULL;NULL
1103;Pencak silat;77;1;0;NULL;NULL;NULL;NULL
1105;Schermen;69;1;0;NULL;NULL;NULL;NULL
1106;Taekwondo;73;1;0;NULL;NULL;NULL;NULL
1107;Worstelen;84;1;0;NULL;NULL;NULL;NULL
1108;Wushu;85;1;0;NULL;NULL;NULL;NULL
1110;Body building;29;1;0;NULL;NULL;NULL;NULL
1386;Ballet;21;1;0;11/03/2010 14:36;24/05/2011 11:50;NULL;NULL
1113;Figuurcorrectie & rugschool;10;1;1;NULL;NULL;NULL;NULL
1114;Fitness;39;1;0;NULL;NULL;NULL;NULL
1115;Gewichtheffen - Powerliften;41;1;0;NULL;NULL;NULL;NULL
1116;Trampoline;43;1;0;NULL;NULL;NULL;NULL
1117;Tumbling;43;1;0;NULL;NULL;NULL;NULL
1120;Deltavliegen;58;1;0;NULL;NULL;NULL;NULL
1123;Zweefvliegen;58;1;0;NULL;NULL;NULL;NULL
1125;Sportklimmen - rots;28;1;0;NULL;NULL;NULL;NULL
1126;Bergwandelen en trekking;28;1;0;NULL;NULL;NULL;NULL
1128;Sportklimmen - muur;28;1;0;NULL;NULL;NULL;NULL
1465;Oriëntatielopen - looporiëntatie;61;1;0;16/07/2010 10:32;16/07/2010 10:32;NULL;NULL
1131;Bergbeklimmen - ski-alpinisme;28;1;0;NULL;NULL;NULL;NULL
1132;Snowboarden;71;1;0;NULL;NULL;NULL;NULL
1133;Speleologie;28;1;0;NULL;NULL;NULL;NULL
1134;Wandelen;81;1;0;NULL;NULL;NULL;NULL
1135;Duatlon;76;1;0;NULL;NULL;NULL;NULL
1136;Triatlon;76;1;0;NULL;NULL;NULL;NULL
1137;Acrobatische gymnastiek;43;1;0;NULL;NULL;NULL;NULL
1138;Sports aerobics;39;1;0;NULL;NULL;NULL;NULL
1140;Gymnastiek;43;1;0;NULL;NULL;NULL;NULL
1142;Capoeira;77;1;0;NULL;NULL;NULL;NULL
1143;Standaard (ballroom, latin);35;1;0;NULL;NULL;NULL;NULL
1144;Jazzdans;35;1;0;NULL;NULL;NULL;NULL
1145;IJsschaatsen;47;1;0;NULL;NULL;NULL;NULL
1146;Actuele dansen;35;1;0;NULL;NULL;NULL;NULL
1147;Ritmische gymnastiek;43;1;0;NULL;NULL;NULL;NULL
1148;Ropeskipping;67;1;0;NULL;NULL;NULL;NULL
1149;Ritmische gymnastiek per tuig - twirling;43;1;0;NULL;NULL;NULL;NULL
1150;Omnisport;15;1;1;NULL;NULL;NULL;NULL
1152;Curling;34;1;0;NULL;NULL;NULL;NULL
1153;Curve bowl;78;1;0;NULL;NULL;NULL;NULL
1154;Darts;48;1;0;NULL;NULL;NULL;NULL
1155;Frisbee;40;1;0;NULL;NULL;NULL;NULL
1156;Katapult;78;1;0;NULL;NULL;NULL;NULL
1157;Kegelen;16;1;1;NULL;NULL;NULL;NULL
1158;Schaarbaankegelen;78;1;0;NULL;NULL;NULL;NULL
1159;Sjoelen;78;1;0;NULL;NULL;NULL;NULL
1160;Touwtrekken;78;1;0;NULL;NULL;NULL;NULL
1161;Volksdansen;35;1;0;NULL;NULL;NULL;NULL
1383;Karting;21;1;0;11/03/2010 9:20;24/05/2011 11:53;NULL;NULL
1163;Boogschieten liggende wip;78;1;0;NULL;NULL;NULL;NULL
1164;Boogschieten staande wip;78;1;0;NULL;NULL;NULL;NULL
1165;Boogschieten;31;1;0;NULL;NULL;NULL;NULL
1387;Waterballet;20;1;0;12/03/2010 12:11;9/01/2014 9:07;NULL;661
1167;Kleischieten;70;1;0;NULL;NULL;NULL;NULL
1168;Kruisboog;78;1;0;NULL;NULL;NULL;NULL
1169;Kajak;52;1;0;NULL;NULL;NULL;NULL
1170;Kano;52;1;0;NULL;NULL;NULL;NULL
1171;Polo;52;1;0;NULL;NULL;NULL;NULL
1172;Roeien;65;1;0;NULL;NULL;NULL;NULL
1173;Waterski;82;1;0;NULL;NULL;NULL;NULL
1174;Windsurfing;86;1;0;NULL;NULL;NULL;NULL
1175;Zeilen;86;1;0;NULL;NULL;NULL;NULL
1176;Skeeleren;66;1;0;NULL;NULL;NULL;NULL
1177;Kunstrolschaatsen;66;1;0;NULL;NULL;NULL;NULL
1178;Rolschaatsen;66;1;0;NULL;NULL;NULL;NULL
1179;Skateboarding;66;1;0;NULL;NULL;NULL;NULL
1456;Schieten - karabijn;70;1;0;15/07/2010 11:36;15/07/2010 11:36;NULL;NULL
1181;Duiken;37;1;0;NULL;NULL;NULL;NULL
1182;Reddend zwemmen;64;1;0;NULL;NULL;NULL;NULL
1183;Schoonspringen;88;1;0;NULL;NULL;NULL;NULL
1185;Waterpolo;88;1;0;NULL;NULL;NULL;NULL
1186;Winterzwemmen;88;1;0;NULL;NULL;NULL;NULL
1187;Zwemmen;88;1;0;NULL;NULL;NULL;NULL
1384;Yoga;21;1;0;11/03/2010 14:10;24/05/2011 11:33;NULL;NULL
1188;Hankido;21;1;0;NULL;24/05/2011 11:48;NULL;NULL
1198;synchroon zwemmen;20;0;1;NULL;10/03/2010 11:46;NULL;NULL
1200;Turnen en conditietraining;10;0;1;NULL;NULL;NULL;NULL
1204;Beurtenkaart fitnesscentrum;21;1;0;NULL;24/05/2011 11:50;NULL;NULL
1382;Biljart;21;0;1;10/03/2010 16:07;10/03/2010 16:07;NULL;NULL
1207;---;54;0;1;NULL;NULL;NULL;NULL
1208;Kendo;54;1;0;NULL;NULL;NULL;NULL
1209;Lacrosse;57;1;0;NULL;NULL;NULL;NULL
1464;Atletiek - loop- en kampnummers;24;1;0;16/07/2010 10:20;16/07/2010 10:20;NULL;NULL
1466;Atletiek - marathon;24;1;0;16/07/2010 10:44;16/07/2010 10:44;NULL;NULL
1212;Snelwandelen;24;1;0;NULL;NULL;NULL;NULL
1213;Stratenloop;24;1;0;NULL;NULL;NULL;NULL
1214;Ultraloop;24;1;0;NULL;NULL;NULL;NULL
1404;Atletiek - berglopen;24;1;0;13/07/2010 9:34;13/07/2010 9:34;NULL;NULL
1216;Slowpitch softball;26;1;0;NULL;NULL;NULL;NULL
1427;Softball - Fastpitch ;26;1;0;13/07/2010 14:03;13/07/2010 14:03;NULL;NULL
1218;Sportklimmen - snelheid;28;1;0;NULL;NULL;NULL;NULL
1219;Sportklimmen - lead;28;1;0;NULL;NULL;NULL;NULL
1220;Sportklimmen - bouldering;28;1;0;NULL;NULL;NULL;NULL
1221;Sportklimmen - drytool;28;1;0;NULL;NULL;NULL;NULL
1222;Bergbeklimmen - alpinisme;28;1;0;NULL;NULL;NULL;NULL
1223;Bergbeklimmen - rotsklimmen;28;1;0;NULL;NULL;NULL;NULL
1224;Bergbeklimmen - off-piste skiën/boarden;28;1;0;NULL;NULL;NULL;NULL
1225;Bergbeklimmen - toerskiën/boarden;28;1;0;NULL;NULL;NULL;NULL
1226;Bergbeklimmen - Ijsklimmen;28;1;0;NULL;NULL;NULL;NULL
1227;Bergbeklimmen - expedities;28;1;0;NULL;NULL;NULL;NULL
1409;Klim- en bergsport - canyoning;28;1;0;13/07/2010 10:29;13/07/2010 10:29;NULL;NULL
1420;Boksen - Engels boksen (olympisch);30;1;0;13/07/2010 13:48;24/05/2011 11:45;NULL;NULL
1229;Klim- en bergsport;28;1;0;NULL;NULL;NULL;NULL
1413;Boogschieten - doelschieten olympisch;31;1;0;13/07/2010 11:36;13/07/2010 11:36;NULL;NULL
1232;Boogschieten - field;31;1;0;NULL;NULL;NULL;NULL
1412;Boogschieten - doelschieten compound;31;1;0;13/07/2010 11:35;13/07/2010 11:35;NULL;NULL
1234;Vinzwemmen;37;1;0;NULL;NULL;NULL;NULL
1235;Onderwaterhockey;37;1;0;NULL;NULL;NULL;NULL
1236;Vrijduiken;37;1;0;NULL;NULL;NULL;NULL
1237;Onderwatertechnieken;37;1;0;NULL;NULL;NULL;NULL
1448;Fitness - individueel;39;1;0;14/07/2010 11:23;14/07/2010 11:23;NULL;NULL
1443;Fitness - groep;39;1;0;14/07/2010 10:39;14/07/2010 10:39;NULL;NULL
1433;Fitness - teams;39;1;0;14/07/2010 9:20;14/07/2010 9:20;NULL;NULL
1444;Fitness - Hiphop;39;1;0;14/07/2010 10:56;14/07/2010 10:56;NULL;NULL
1242;Trekken;41;1;0;NULL;NULL;NULL;NULL
1243;Stoten;41;1;0;NULL;NULL;NULL;NULL
1245;Squat;41;1;0;NULL;NULL;NULL;NULL
1410;Gewichtheffen - dead lifting;41;1;0;13/07/2010 11:13;13/07/2010 11:13;NULL;NULL
1247;Pitch & putt;42;1;0;NULL;NULL;NULL;NULL
1399;Artistieke gymnastiek;43;1;0;9/07/2010 11:57;9/07/2010 11:57;NULL;NULL
1250;Aerobic gymnastics;43;1;0;NULL;NULL;NULL;NULL
1417;Gymnastiek - dubbele minitrampoline;43;1;0;13/07/2010 13:18;13/07/2010 13:18;NULL;NULL
1252;Synchroon trampoline;43;1;0;NULL;NULL;NULL;NULL
1253;Algemene gymnastiek;43;1;0;NULL;NULL;NULL;NULL
1254;Strandhandbal;44;1;0;NULL;NULL;NULL;NULL
1431;IJsschaatsen - Figuurschaatsen;47;1;0;14/07/2010 8:39;14/07/2010 8:39;NULL;NULL
1256;Snelschaatsen;47;1;0;NULL;NULL;NULL;NULL
1257;Shorttrack;47;1;0;NULL;NULL;NULL;NULL
1258;Synchroonschaatsen;47;1;0;NULL;NULL;NULL;NULL
1418;Ju-jitsu - duo-system;49;1;0;13/07/2010 13:40;13/07/2010 13:40;NULL;NULL
1429;Ju-jitsu - fighting systems;49;1;0;13/07/2010 14:35;13/07/2010 14:35;NULL;NULL
1463;Kano-kajak - lijnvaren;52;1;0;16/07/2010 10:10;16/07/2010 10:10;NULL;NULL
1262;Slalom;52;1;0;NULL;NULL;NULL;NULL
1467;Kano-kajak - marathon;52;1;0;16/07/2010 10:55;16/07/2010 10:55;NULL;NULL
1264;Rivier;52;1;0;NULL;NULL;NULL;NULL
1415;Kano-kajak - dragonboat;52;1;0;13/07/2010 13:04;13/07/2010 13:04;NULL;NULL
1437;Kano-kajak - freestyle;52;1;0;14/07/2010 9:59;14/07/2010 9:59;NULL;NULL
1267;Rafting;52;1;0;NULL;NULL;NULL;NULL
1268;Stijl;53;1;0;NULL;NULL;NULL;NULL
1269;Wedstrijd (non-contact);53;1;0;NULL;NULL;NULL;NULL
1270;Motorrijden;60;1;0;NULL;NULL;NULL;NULL
1271;Trial;60;1;0;NULL;NULL;NULL;NULL
1272;Mountainbike oriëntatie;61;1;0;NULL;NULL;NULL;NULL
1273;Ski oriëntatie;61;1;0;NULL;NULL;NULL;NULL
1274;Trial oriëntatie;61;1;0;NULL;NULL;NULL;NULL
1425;Paardrijden - eventing;62;1;0;13/07/2010 13:57;13/07/2010 13:57;NULL;NULL
1276;Voltige;62;1;0;NULL;NULL;NULL;NULL
1419;Paardrijden - endurance;62;1;0;13/07/2010 13:45;13/07/2010 13:45;NULL;NULL
1278;Reining;62;1;0;NULL;NULL;NULL;NULL
1446;Paardrijden - horseball;62;1;0;14/07/2010 11:18;14/07/2010 11:18;NULL;NULL
1435;Parachutisme - formation skydive;63;1;0;14/07/2010 9:44;14/07/2010 9:44;NULL;NULL
1438;Parachutisme - freestyle skydive;63;1;0;14/07/2010 10:05;14/07/2010 10:05;NULL;NULL
1282;Style & accuracy landing;63;1;0;NULL;NULL;NULL;NULL
1407;Parachutisme - canopy formation;63;1;0;13/07/2010 10:22;13/07/2010 10:22;NULL;NULL
1436;Parachutisme - free flying;63;1;0;14/07/2010 9:50;14/07/2010 9:50;NULL;NULL
1285;Paraski;63;1;0;NULL;NULL;NULL;NULL
1286;Skysurfing;63;1;0;NULL;NULL;NULL;NULL
1408;Parachutisme - canopy piloting;63;1;0;13/07/2010 10:23;13/07/2010 10:23;NULL;NULL
1288;Pool;64;1;0;NULL;NULL;NULL;NULL
1289;Surf (beach);64;1;0;NULL;NULL;NULL;NULL
1406;Roeien - boordroeien;65;1;0;13/07/2010 10:08;13/07/2010 10:08;NULL;NULL
1460;Roeien - koppelroeien;65;1;0;15/07/2010 15:07;15/07/2010 15:07;NULL;NULL
1293;Rink hockey;66;1;0;NULL;NULL;NULL;NULL
1451;Rolschaatsen - inline hockey;66;1;0;14/07/2010 11:53;14/07/2010 11:53;NULL;NULL
1414;Rolschaatsen - downhill;66;1;0;13/07/2010 11:46;13/07/2010 11:46;NULL;NULL
1452;Rolschaatsen - inlinefreestyle;66;1;0;14/07/2010 11:57;14/07/2010 11:57;NULL;NULL
1434;Schermen - floret;69;1;0;14/07/2010 9:35;14/07/2010 9:35;NULL;NULL
1411;Schermen - degen;69;1;0;13/07/2010 11:17;13/07/2010 11:17;NULL;NULL
1299;Sabel;69;1;0;NULL;NULL;NULL;NULL
1439;Schieten (olympisch) - geweer;70;1;0;14/07/2010 10:13;14/07/2010 10:13;NULL;NULL
1301;Pistool;70;1;0;NULL;NULL;NULL;NULL
1302;Running target;70;1;0;NULL;NULL;NULL;NULL
1401;Schieten (olympisch) - Bench;70;1;0;13/07/2010 9:03;13/07/2010 9:03;NULL;NULL
1445;Schieten - historische wapens;70;1;0;14/07/2010 11:11;14/07/2010 11:11;NULL;NULL
1305;Parcours;70;1;0;NULL;NULL;NULL;NULL
1306;Ordonnance;70;1;0;NULL;NULL;NULL;NULL
1308;Vrijestijl;71;1;0;NULL;NULL;NULL;NULL
1398;Skiën - alpine;71;1;0;9/07/2010 11:40;9/07/2010 11:40;NULL;NULL
1462;Skiën - langlauf;71;1;0;16/07/2010 10:05;16/07/2010 10:05;NULL;NULL
1311;Schansspringen;71;1;0;NULL;NULL;NULL;NULL
1312;Nordic combined;71;1;0;NULL;NULL;NULL;NULL
1313;Telemark;71;1;0;NULL;NULL;NULL;NULL
1314;Speed;71;1;0;NULL;NULL;NULL;NULL
1441;Skiën - gras;71;1;0;14/07/2010 10:20;14/07/2010 10:20;NULL;NULL
1316;Roller;71;1;0;NULL;NULL;NULL;NULL
1432;Skiën - firngleiten;71;1;0;14/07/2010 9:02;14/07/2010 9:02;NULL;NULL
1318;Stijl;73;1;0;NULL;NULL;NULL;NULL
1319;Sparring (olympisch);73;1;0;NULL;NULL;NULL;NULL
2317;Volleybal;80;1;0;26/04/2011 15:21;26/04/2011 15:21;NULL;NULL
1321;Aquatlon;76;1;0;NULL;NULL;NULL;NULL
1322;Wintertriatlon;76;1;0;NULL;NULL;NULL;NULL
1323;Crosstriatlon;76;1;0;NULL;NULL;NULL;NULL
1324;Winterduatlon;76;1;0;NULL;NULL;NULL;NULL
1325;Jodo;77;1;0;NULL;NULL;NULL;NULL
1447;Laido;77;1;0;14/07/2010 11:20;14/07/2010 11:20;NULL;NULL
1327;Jukempo;77;1;0;NULL;NULL;NULL;NULL
1328;Shugi-jutsu;77;1;0;NULL;NULL;NULL;NULL
1329;Shuriken-jutsu;77;1;0;NULL;NULL;NULL;NULL
1330;Bujutsu-ido;77;1;0;NULL;NULL;NULL;NULL
1400;Balboogschieten;78;1;0;9/07/2010 14:49;24/05/2011 11:50;NULL;NULL
1332;Beugelen;78;1;0;NULL;NULL;NULL;NULL
1333;Buksschieten;78;1;0;NULL;NULL;NULL;NULL
1378;Flessenschieten jachtgeweer;78;1;0;10/03/2010 12:01;10/03/2010 12:01;NULL;NULL
1335;Flessenschieten luchtkarabijn;78;1;0;NULL;NULL;NULL;NULL
1336;Gaaibol;78;1;0;NULL;NULL;NULL;NULL
1337;Golfbiljart;78;1;0;NULL;NULL;NULL;NULL
1338;Manchetbaankegelen;78;1;0;NULL;NULL;NULL;NULL
1339;Klepschieten;78;1;0;NULL;NULL;NULL;NULL
1340;Krulbol;78;1;0;NULL;NULL;NULL;NULL
1341;Paapgooien;78;1;0;NULL;NULL;NULL;NULL
1342;Pagschieten;78;1;0;NULL;NULL;NULL;NULL
1343;Struifvogel;78;1;0;NULL;NULL;NULL;NULL
1344;Trabol;78;1;0;NULL;NULL;NULL;NULL
1345;Voetbal - strandvoetbal;79;1;0;NULL;NULL;NULL;NULL
1346;Strandvolleybal;80;1;0;NULL;NULL;NULL;NULL
1347;Parkvolleybal;80;1;0;NULL;NULL;NULL;NULL
1348;Nordic walking;81;1;0;NULL;NULL;NULL;NULL
1349;Tornooi (figuur, schans, slalom);82;1;0;NULL;NULL;NULL;NULL
1405;Waterskiën - blootsvoets;82;1;0;13/07/2010 9:45;13/07/2010 9:45;NULL;NULL
1351;Wakeboard;82;1;0;NULL;NULL;NULL;NULL
1352;Racing;82;1;0;NULL;NULL;NULL;NULL
1455;Waterskiën - kabelbaan;82;1;0;14/07/2010 15:17;14/07/2010 15:17;NULL;NULL
1355;Piste;83;1;0;NULL;NULL;NULL;NULL
1356;Trial;83;1;0;NULL;NULL;NULL;NULL
1428;Wielrennen - fietspolo;83;1;0;13/07/2010 14:20;13/07/2010 14:20;NULL;NULL
1450;Wielrennen - indoor (kunstwielrennen);83;1;0;14/07/2010 11:33;14/07/2010 11:33;NULL;NULL
1442;Worstelen - grieks-romeins;84;1;0;14/07/2010 10:35;14/07/2010 10:35;NULL;NULL
1361;Vrijestijl;84;1;0;NULL;NULL;NULL;NULL
1362;Olympische klassen;86;1;0;NULL;NULL;NULL;NULL
1363;Zwaardboot;86;1;0;NULL;NULL;NULL;NULL
1457;Zeilen - kielboot;86;1;0;15/07/2010 14:29;15/07/2010 14:29;NULL;NULL
1365;Multihull;86;1;0;NULL;NULL;NULL;NULL
1423;Zeilen - erkende klassen;86;1;0;13/07/2010 13:54;13/07/2010 13:54;NULL;NULL
1459;Zeilen - klassieke yachtklassen;86;1;0;15/07/2010 14:45;15/07/2010 14:45;NULL;NULL
1458;Zeilen - kitesurfen;86;1;0;15/07/2010 14:32;15/07/2010 14:32;NULL;NULL
1440;Zeilen - golfsurfen;86;1;0;14/07/2010 10:18;14/07/2010 10:18;NULL;NULL
1370;Zeilwagenrijden;87;1;0;NULL;NULL;NULL;NULL
1371;Speedsailing;87;1;0;NULL;NULL;NULL;NULL
1372;Synchroonzwemmen;88;1;0;NULL;NULL;NULL;NULL
1373;Open-waterzwemmen;88;1;0;NULL;NULL;NULL;NULL
1374;Goalbal;89;1;0;NULL;NULL;NULL;NULL
1375;Gehandicaptensporten;89;1;0;NULL;NULL;NULL;NULL
1388;Zelfverdediging;21;1;0;15/03/2010 15:03;24/05/2011 11:55;NULL;NULL
1389;Circustechnieken;21;0;1;15/03/2010 15:04;1/04/2010 14:40;NULL;NULL
1390;Turnen (toestel);21;0;1;15/03/2010 15:06;1/04/2010 14:29;NULL;NULL
1391;Damesturnen;21;1;0;15/03/2010 15:07;24/05/2011 11:50;NULL;NULL
1392;Duiken gehandicapten;21;0;1;15/03/2010 15:07;1/04/2010 14:35;NULL;NULL
1393;Fietsen;21;0;1;15/03/2010 15:08;1/04/2010 14:38;NULL;NULL
1394;Salsa;21;1;0;15/03/2010 15:09;24/05/2011 11:53;NULL;NULL
1395;Paaldans;21;0;1;15/03/2010 15:09;1/04/2010 14:36;NULL;NULL
1396;Zumba;35;1;0;19/05/2010 13:29;24/05/2011 11:55;NULL;NULL
1397;Aquazumba;21;1;0;19/05/2010 13:29;7/07/2011 11:06;NULL;NULL
1403;Gewichtheffen - bench press;41;1;0;13/07/2010 9:07;13/07/2010 9:07;NULL;NULL
1421;BBB - pilates - stretching;39;1;0;13/07/2010 13:50;24/05/2011 11:50;NULL;NULL
1422;Pilates;21;1;0;13/07/2010 13:52;24/05/2011 11:53;NULL;NULL
1424;Orientaalse dans;21;1;0;13/07/2010 13:54;24/05/2011 11:53;NULL;NULL
1426;Relaxatie en expressie;21;1;0;13/07/2010 13:58;24/05/2011 11:53;NULL;NULL
1430;Conditietraining;21;1;0;13/07/2010 14:48;24/05/2011 11:50;NULL;NULL
1453;Atletiek - jogging;24;1;0;14/07/2010 14:14;12/12/2011 9:34;NULL;661
1471;Skiën (matten);71;1;0;12/08/2010 13:41;24/05/2011 11:54;NULL;NULL
2216;Jeugdhuizen;260;1;0;4/02/2010 8:46;4/02/2010 8:46;NULL;NULL
2217;Jeugdatelier;260;1;0;4/02/2010 8:46;2/03/2011 15:48;NULL;NULL
2218;vakantiespeelpleinwerking;260;1;0;4/02/2010 8:47;2/03/2011 15:50;NULL;NULL
2219;vakantiekampen;260;1;0;4/02/2010 8:47;2/03/2011 15:50;NULL;NULL
2222;Jeugdcentrum;270;1;0;16/02/2010 15:37;2/03/2011 15:49;NULL;NULL
2223;Jongeren competentie centrum;270;1;0;16/02/2010 15:38;2/03/2011 15:50;NULL;NULL
2224;Werking kansarme jongeren;270;1;0;16/02/2010 15:40;2/03/2011 15:50;NULL;NULL
2225;Stadswerkers;270;1;0;16/02/2010 15:40;2/03/2011 15:50;NULL;NULL
2226;Vakantiespeelpleinwerking;270;1;0;16/02/2010 15:40;2/03/2011 15:50;NULL;NULL
2227;Jongereninformatie en multimedia;270;1;0;16/02/2010 15:41;2/03/2011 15:50;NULL;NULL
2228;Plusserswerking;260;1;0;16/02/2010 15:41;2/03/2011 15:50;NULL;NULL
2229;Kinderwerking;260;1;0;16/02/2010 15:42;2/03/2011 15:50;NULL;NULL
2230;Tienerwerking;260;1;0;16/02/2010 15:46;2/03/2011 15:50;NULL;NULL
2231;Jongerenwerking;260;1;0;16/02/2010 15:46;2/03/2011 15:49;NULL;NULL
2232;Natuurvereniging;260;1;0;16/02/2010 15:47;2/03/2011 15:49;NULL;NULL
2233;Holebi;260;1;0;16/02/2010 15:47;2/03/2011 15:49;NULL;NULL
2256;Fotografie (beeldende kunst);359;1;0;14/09/2010 11:36;11/02/2013 11:38;NULL;661
2235;Hedendaagse dans;359;1;0;17/03/2010 13:22;11/02/2013 11:39;NULL;661
2257;Grafische vormgeving (beeldende kunst);359;1;0;14/09/2010 11:37;11/02/2013 11:38;NULL;661
2258;Jeugdbeweging;260;1;0;1/10/2010 13:16;2/03/2011 15:49;NULL;NULL
2259;Circuswerking;260;0;0;1/10/2010 13:30;19/03/2015 13:17;NULL;661
2261;Biljart;48;1;0;9/12/2010 13:57;4/03/2011 8:44;NULL;NULL
2264;Poppentheater;359;1;0;8/02/2011 11:03;11/02/2013 12:23;NULL;661
2254;Kindertheater;359;1;0;28/05/2010 9:29;11/02/2013 12:22;NULL;661
2267;Beeldhouwkunst (beeldende kunst);359;1;0;1/03/2011 15:51;11/02/2013 11:37;NULL;661
2268;Ballet (dans);359;1;0;1/03/2011 15:59;11/02/2013 11:36;NULL;661
2270;Rolstoeldansen;89;1;0;3/03/2011 11:36;3/03/2011 11:36;NULL;NULL
2271;Jazz (muziek);359;1;0;3/03/2011 16:01;11/02/2013 11:39;NULL;661
2325;Aquatraining;21;1;0;18/07/2011 15:03;18/07/2011 15:04;NULL;NULL
2272;Schilderkunst (beeldende kunst);359;1;0;3/03/2011 16:08;11/02/2013 12:24;NULL;661
2273;Digitale kunst (animatie - beeldende kunst);359;1;0;3/03/2011 16:09;11/02/2013 11:38;NULL;661
2274;Urban (dans);359;1;0;3/03/2011 16:09;11/02/2013 12:24;NULL;661
2275;Klassieke muziek;359;1;0;3/03/2011 16:10;11/02/2013 12:22;NULL;661
2276;85.101 Gewoon kleuteronderwijs ingericht door de Gemeenschappen;344;0;0;17/03/2011 14:58;18/03/2011 10:08;NULL;NULL
2277;85.102 Provinciaal gesubsidieerd gewoon kleuteronderwijs;344;0;0;17/03/2011 15:11;18/03/2011 10:08;NULL;NULL
2278;85.103 Gemeentelijk gesubsidieerd gewoon kleuteronderwijs;344;0;0;17/03/2011 15:12;18/03/2011 10:09;NULL;NULL
2279;85.104 Vrij gesubsidieerd gewoon kleuteronderwijs;344;0;0;17/03/2011 15:12;18/03/2011 10:09;NULL;NULL
2280;85.105 Buitengewoon officieel kleuteronderwijs;344;0;0;17/03/2011 15:14;18/03/2011 10:09;NULL;NULL
2281;85.106 Vrij gesubsidieerd buitengewoon kleuteronderwijs;344;0;0;17/03/2011 15:14;18/03/2011 10:10;NULL;NULL
2282;85.109 Kleuteronderwijs, andere inrichtende machten;344;0;0;17/03/2011 15:14;18/03/2011 10:10;NULL;NULL
2283;85.201 Gewoon lager onderwijs ingericht door de Gemeenschappen;346;0;0;17/03/2011 16:15;18/03/2011 10:11;NULL;NULL
2284;85.202 Provinciaal gesubsidieerd gewoon lager onderwijs;346;0;0;17/03/2011 16:16;18/03/2011 10:11;NULL;NULL
2285;85.203 Gemeentelijk gesubsidieerd gewoon lager onderwijs;346;0;0;17/03/2011 16:17;18/03/2011 10:11;NULL;NULL
2286;85.204 Vrij gesubsidieerd gewoon lager onderwijs;346;0;0;17/03/2011 16:18;18/03/2011 10:12;NULL;NULL
2287;85.205 Buitengewoon officieel lager onderwijs;346;0;0;17/03/2011 16:18;18/03/2011 10:12;NULL;NULL
2288;85.206 Vrij gesubsidieerd buitengewoon lager onderwijs;346;0;0;17/03/2011 16:19;18/03/2011 10:13;NULL;NULL
2289;85.207 Alfabetiseringsprogramma's ten behoeve van volwassenen;346;0;0;17/03/2011 16:19;18/03/2011 10:13;NULL;NULL
2290;85.209 Gewoon lager onderwijs, andere inrichtende machten;346;0;0;17/03/2011 16:19;18/03/2011 10:13;NULL;NULL
2291;85.311 Gewoon algemeen secundair onderwijs ingericht door de Gemeenschappen;347;0;0;17/03/2011 16:20;18/03/2011 10:06;NULL;NULL
2292;85.312 Provinciaal gesubsidieerd gewoon algemeen secundair onderwijs;347;0;0;17/03/2011 16:20;18/03/2011 10:06;NULL;NULL
2293;85.313  Gemeentelijk gesubsidieerd gewoon algemeen secundair onderwijs;347;0;0;17/03/2011 16:20;18/03/2011 10:07;NULL;NULL
2294;85.314 Vrij gesubsidieerd gewoon algemeen secundair onderwijs;347;0;0;17/03/2011 16:21;18/03/2011 10:24;NULL;NULL
2295;85.319 Gewoon algemeen secundair onderwijs, andere inrichtende machten;347;0;0;17/03/2011 16:21;18/03/2011 10:07;NULL;NULL
2296;85.321 Gewoon technisch en beroepssecundair onderwijs ingericht door de Gemeenschappen;348;0;0;17/03/2011 16:21;18/03/2011 10:15;NULL;NULL
2297;85.322 Provinciaal gesubsidieerd gewoon technisch en beroepssecundair onderwijs;348;0;0;17/03/2011 16:22;18/03/2011 10:15;NULL;NULL
2298;85.323 Gemeentelijk gesubsidieerd gewoon technisch en beroepssecundair onderwijs;348;0;0;17/03/2011 16:22;18/03/2011 10:16;NULL;NULL
2299;85.324 Vrij gesubsidieerd gewoon technisch en beroepssecundair onderwijs;348;0;0;17/03/2011 16:22;18/03/2011 10:16;NULL;NULL
2300;85.325 Buitengewoon officieel secundair onderwijs;348;0;0;17/03/2011 16:23;18/03/2011 10:16;NULL;NULL
2301;85.326 Vrij gesubsidieerd buitengewoon secundair onderwijs;348;0;0;17/03/2011 16:23;18/03/2011 10:17;NULL;NULL
2302;85.329 Technisch, beroeps- en buitengewoon secundair onderwijs, andere inrichtende machten;348;0;0;17/03/2011 16:23;18/03/2011 10:17;NULL;NULL
2303;85.410 Post-secundair niet-hoger onderwijs;349;0;0;17/03/2011 16:24;18/03/2011 10:18;NULL;NULL
2304;85.421 Officieel hoger onderwijs;350;0;0;17/03/2011 16:24;18/03/2011 10:18;NULL;NULL
2305;85.422 Vrij gesubsidieerd hoger onderwijs;350;0;0;17/03/2011 16:24;18/03/2011 10:18;NULL;NULL
2306;85.429 Hoger onderwijs, andere inrichtende machten;350;0;0;17/03/2011 16:25;18/03/2011 10:19;NULL;NULL
2307;85.510 Sport- en recreatieonderwijs;351;0;0;17/03/2011 16:25;18/03/2011 10:20;NULL;NULL
2308;85.520 Cultureel onderwijs;352;0;0;17/03/2011 16:26;18/03/2011 10:20;NULL;NULL
2309;85.531 Autorijscholen;353;0;0;17/03/2011 16:26;18/03/2011 10:21;NULL;NULL
2310;85.532 Vlieg- en vaaronderricht;353;0;0;17/03/2011 16:26;18/03/2011 10:21;NULL;NULL
2311;85.591 Onderwijs voor sociale promotie;354;0;0;17/03/2011 16:28;18/03/2011 10:21;NULL;NULL
2312;85.592 Beroepsopleiding;354;0;0;17/03/2011 16:29;18/03/2011 10:22;NULL;NULL
2313;85.593 Sociaal-cultureel vormingswerk;354;0;0;17/03/2011 16:29;18/03/2011 10:22;NULL;NULL
2314;85.599 Overige vormen van onderwijs;354;0;0;17/03/2011 16:29;18/03/2011 10:22;NULL;NULL
2315;85.601 Activiteiten van Centra voor Leerlingbegeleiding (C.L.B.);355;0;0;17/03/2011 16:30;18/03/2011 10:23;NULL;NULL
2316;85.609 Overige onderwijsondersteunende dienstverlening;355;0;0;17/03/2011 16:31;18/03/2011 10:23;NULL;NULL
2318;Fietsen;21;1;0;9/06/2011 11:04;5/07/2011 14:23;NULL;NULL
2319;Rolschaatsen - roller derby;66;1;0;10/06/2011 10:17;10/06/2011 10:18;NULL;NULL
2321;Turnen;21;1;0;5/07/2011 14:21;5/07/2011 14:21;NULL;NULL
2322;Turnen en conditie;21;1;0;5/07/2011 14:21;5/07/2011 14:21;NULL;NULL
2323;Callanetics;21;1;0;5/07/2011 14:21;5/07/2011 14:21;NULL;NULL
2324;Chi Neng;21;1;0;5/07/2011 14:22;5/07/2011 14:22;NULL;NULL
2326;Omnisport;21;0;0;1/08/2011 14:14;1/08/2011 14:14;661;661
2327;Volksspelen diverse;21;0;0;1/08/2011 14:36;1/08/2011 14:36;661;661
2328;Andere;21;0;0;23/08/2011 12:03;23/08/2011 12:03;661;661
2329;Drums Alive;21;1;0;18/11/2011 12:31;18/11/2011 12:31;661;661
2330;Lopen;21;1;0;12/12/2011 9:34;12/12/2011 9:34;661;661
2331;Survival run;21;0;0;13/03/2012 14:33;13/03/2012 14:33;661;661
2332;Urban sports;21;0;0;14/03/2012 14:39;14/03/2012 14:39;661;661
2334;Bootcamp;21;1;0;21/05/2012 9:05;21/05/2012 9:05;661;661
2335;Belly Fit;21;1;0;28/06/2012 14:09;28/06/2012 14:09;661;661
2336;Body Mix;21;1;0;28/06/2012 14:09;28/06/2012 14:09;661;661
2337;Stretching;21;0;0;4/07/2012 7:52;4/07/2012 7:52;28;28
2338;Recreatief bewegen;21;1;0;7/11/2012 11:57;7/11/2012 11:57;14;14
2339;Steps;21;1;0;8/11/2012 16:49;8/11/2012 16:49;661;661
2341;Theater- of dansgezelschap;359;1;0;4/12/2012 13:21;12/02/2013 9:07;468;661
2342;Kunstencentrum;359;1;0;4/12/2012 13:21;11/02/2013 12:23;468;661
2343;Cultuurcentrum;359;1;0;4/12/2012 13:22;11/02/2013 11:37;468;661
2344;Organisatie voor beeldende kunsten;359;1;0;4/12/2012 13:23;11/02/2013 12:23;468;661
2345;Opleidingen;359;1;0;6/12/2012 13:25;11/02/2013 12:23;468;661
2346;Multidisciplinair;358;1;0;12/12/2012 13:41;12/12/2012 13:41;468;468
2349;Theater;358;1;0;12/12/2012 13:47;12/12/2012 13:47;468;468
2348;Beeldende kunsten;358;1;0;12/12/2012 13:47;12/12/2012 13:47;468;468
2350;Muziektheater;358;1;0;12/12/2012 13:48;11/02/2013 10:07;468;468
2351;Muziek;358;1;0;12/12/2012 13:48;12/12/2012 13:48;468;468
2352;Dans;358;1;0;12/12/2012 13:48;12/12/2012 13:48;468;468
2353;Audiovisueel;358;1;0;12/12/2012 13:49;12/12/2012 13:49;468;468
2354;Kunsteducatie;358;1;0;12/12/2012 13:49;11/02/2013 10:07;468;468
2355;Sociaal-artistiek;358;1;0;12/12/2012 13:49;11/02/2013 10:07;468;468
2356;Architectuur;358;1;0;12/12/2012 13:49;11/02/2013 10:07;468;468
18;Avonturenkamp;21;0;0;NULL;26/11/2010 0:57;NULL;NULL
1040;tafelvoetbal;2;1;0;NULL;26/11/2010 0:57;NULL;NULL
1044;beachvolley;3;1;0;NULL;26/11/2010 0:57;NULL;NULL
1049;krachtbal;3;1;0;NULL;26/11/2010 0:57;NULL;NULL
1050;mini-voetbal;3;1;0;NULL;26/11/2010 0:57;NULL;NULL
1059;dressuur;5;1;0;NULL;26/11/2010 0:57;NULL;NULL
1063;jumpin;5;1;0;NULL;26/11/2010 0:57;NULL;NULL
1064;mennen;5;1;0;NULL;26/11/2010 0:57;NULL;NULL
1066;sledehondenrennen;5;1;0;NULL;26/11/2010 0:57;NULL;NULL
1067;baanwielrennen;6;1;0;NULL;26/11/2010 0:57;NULL;NULL
1069;cyclo-bal;6;1;0;NULL;26/11/2010 0:57;NULL;NULL
1074;omnisport gehandicapten;7;1;0;NULL;26/11/2010 0:57;NULL;NULL
1075;onderwaterzwemmen gehandicapten;7;1;0;NULL;26/11/2010 0:57;NULL;NULL
1078;autocross;8;1;0;NULL;26/11/2010 0:57;NULL;NULL
1079;jeepcross;8;1;0;NULL;26/11/2010 0:57;NULL;NULL
2459;Indoorkarting;21;1;0;28/10/2014 10:04;28/10/2014 10:04;28;28
1081;modelluchtvaart;8;1;0;NULL;26/11/2010 0:57;NULL;NULL
1082;modelracen (weg);8;1;0;NULL;26/11/2010 0:57;NULL;NULL
1084;motorboatracen;8;1;0;NULL;26/11/2010 0:57;NULL;NULL
1086;motorvaart (pleziervaart);8;1;0;NULL;26/11/2010 0:57;NULL;NULL
1087;yachting;8;1;0;NULL;26/11/2010 0:57;NULL;NULL
1092;chinese gevechtsport;9;1;0;NULL;26/11/2010 0:57;NULL;NULL
1093;full contact;9;1;0;NULL;26/11/2010 0:57;NULL;NULL
1094;geweldbeheersing;9;1;0;NULL;26/11/2010 0:57;NULL;NULL
1104;savate;9;1;0;NULL;26/11/2010 0:57;NULL;NULL
1109;zelfverdediging;9;1;0;NULL;26/11/2010 0:57;NULL;NULL
1111;circustechnieken;10;1;0;NULL;26/11/2010 0:57;NULL;NULL
1112;conditie;10;1;0;NULL;26/11/2010 0:57;NULL;NULL
1118;turnen (toestel);10;1;0;NULL;26/11/2010 0:57;NULL;NULL
1119;yoga;10;1;0;NULL;26/11/2010 0:57;NULL;NULL
1121;valschermspringen;11;1;0;NULL;26/11/2010 0:57;NULL;NULL
1122;vliegeren;11;1;0;NULL;26/11/2010 0:57;NULL;NULL
1124;avontuur;12;1;0;NULL;26/11/2010 0:57;NULL;NULL
1127;hoogteparcours;12;1;0;NULL;26/11/2010 0:57;NULL;NULL
1129;oriëntatielopen;12;1;0;NULL;26/11/2010 0:57;NULL;NULL
1130;schaatsen;12;1;0;NULL;26/11/2010 0:57;NULL;NULL
1139;aerofoot;14;1;0;NULL;26/11/2010 0:57;NULL;NULL
1141;ballet;14;1;0;NULL;26/11/2010 0:57;NULL;NULL
1151;recreatiesporten (sport-voor-allen);15;1;0;NULL;26/11/2010 0:57;NULL;NULL
1162;volksspelen;16;1;0;NULL;26/11/2010 0:58;NULL;NULL
1166;karabijnschieten;17;1;0;NULL;26/11/2010 0:58;NULL;NULL
1180;diepzeeduiken (+ 20 m);20;1;0;NULL;26/11/2010 0:58;NULL;NULL
1193;damesturnen;10;0;0;NULL;26/11/2010 0:58;NULL;NULL
1195;Duiken gehandicapten;18;0;0;NULL;26/11/2010 0:58;NULL;NULL
1197;fietsen;19;0;0;NULL;26/11/2010 0:58;NULL;NULL
1199;Salsa;14;0;0;NULL;26/11/2010 0:58;NULL;NULL
1203;pistoolschieten;17;0;0;NULL;26/11/2010 0:58;NULL;NULL
1210;Loop-en kampnummers;24;1;0;NULL;0000-00-00 00:00:00;NULL;NULL
1211;Marathon;24;1;0;NULL;0000-00-00 00:00:00;NULL;NULL
1215;Berglopen;24;1;0;NULL;0000-00-00 00:00:00;NULL;NULL
1217;Fastpitch softball;26;1;0;NULL;0000-00-00 00:00:00;NULL;NULL
1228;Canyoning;28;1;0;NULL;0000-00-00 00:00:00;NULL;NULL
1230;Engels boksen (olympisch);30;1;0;NULL;0000-00-00 00:00:00;NULL;NULL
1231;Doelschieten (olympisch);31;1;0;NULL;0000-00-00 00:00:00;NULL;NULL
1233;Doelschieten compound;31;1;0;NULL;0000-00-00 00:00:00;NULL;NULL
1238;Individuele fitness;39;1;0;NULL;0000-00-00 00:00:00;NULL;NULL
1239;Groepsfitness;39;1;0;NULL;0000-00-00 00:00:00;NULL;NULL
1240;Fitness teams;39;1;0;NULL;0000-00-00 00:00:00;NULL;NULL
1241;Hiphop;39;1;0;NULL;0000-00-00 00:00:00;NULL;NULL
1244;Bench press;41;1;0;NULL;0000-00-00 00:00:00;NULL;NULL
1246;Dead lifting;41;1;0;NULL;0000-00-00 00:00:00;NULL;NULL
1248;Artistieke gymnastiek;43;1;0;NULL;0000-00-00 00:00:00;NULL;NULL
1251;Dubbele minitrampoline;43;1;0;NULL;0000-00-00 00:00:00;NULL;NULL
1255;Figuurschaatsen;47;1;0;NULL;0000-00-00 00:00:00;NULL;NULL
1259;Duo-system;49;1;0;NULL;0000-00-00 00:00:00;NULL;NULL
1260;Fighting systems;49;1;0;NULL;0000-00-00 00:00:00;NULL;NULL
1261;Lijnvaren;52;1;0;NULL;0000-00-00 00:00:00;NULL;NULL
1265;Dragonboat;52;1;0;NULL;0000-00-00 00:00:00;NULL;NULL
1266;Freestyle;52;1;0;NULL;0000-00-00 00:00:00;NULL;NULL
1275;Eventing;62;1;0;NULL;0000-00-00 00:00:00;NULL;NULL
1277;Endurance;62;1;0;NULL;0000-00-00 00:00:00;NULL;NULL
1279;Horseball;62;1;0;NULL;0000-00-00 00:00:00;NULL;NULL
1280;Formation skydive;63;1;0;NULL;0000-00-00 00:00:00;NULL;NULL
1281;Freestyle skydive;63;1;0;NULL;0000-00-00 00:00:00;NULL;NULL
1283;Canopy formation;63;1;0;NULL;0000-00-00 00:00:00;NULL;NULL
1284;Freeflying;63;1;0;NULL;0000-00-00 00:00:00;NULL;NULL
1287;Canopy piloting;63;1;0;NULL;0000-00-00 00:00:00;NULL;NULL
1290;Boordroeien;65;1;0;NULL;0000-00-00 00:00:00;NULL;NULL
1291;Koppelroeien;65;1;0;NULL;0000-00-00 00:00:00;NULL;NULL
1294;Inline hockey;66;1;0;NULL;0000-00-00 00:00:00;NULL;NULL
1295;Downhill;66;1;0;NULL;0000-00-00 00:00:00;NULL;NULL
1296;Inlinefreestyle;66;1;0;NULL;0000-00-00 00:00:00;NULL;NULL
1297;Floret;69;1;0;NULL;0000-00-00 00:00:00;NULL;NULL
1298;Degen;69;1;0;NULL;0000-00-00 00:00:00;NULL;NULL
1300;Geweer;70;1;0;NULL;0000-00-00 00:00:00;NULL;NULL
1303;Bench;70;1;0;NULL;0000-00-00 00:00:00;NULL;NULL
1304;Historische wapens;70;1;0;NULL;0000-00-00 00:00:00;NULL;NULL
1309;Alpine;71;1;0;NULL;0000-00-00 00:00:00;NULL;NULL
1310;Langlauf;71;1;0;NULL;0000-00-00 00:00:00;NULL;NULL
1315;Gras;71;1;0;NULL;0000-00-00 00:00:00;NULL;NULL
1317;Firngleiten;71;1;0;NULL;0000-00-00 00:00:00;NULL;NULL
1320;tennis;75;1;1;NULL;5/04/2011 13:15;NULL;NULL
1326;Iaido;77;1;0;NULL;0000-00-00 00:00:00;NULL;NULL
1331;Balboogschieten;78;1;0;NULL;0000-00-00 00:00:00;NULL;NULL
1350;Blootsvoets;82;1;0;NULL;0000-00-00 00:00:00;NULL;NULL
1353;Kabelbaan;82;1;0;NULL;0000-00-00 00:00:00;NULL;NULL
1357;Fietspolo;83;1;0;NULL;0000-00-00 00:00:00;NULL;NULL
1359;indoor (kunstwielrennen);83;1;0;NULL;0000-00-00 00:00:00;NULL;NULL
1360;Grieks-romeins;84;1;0;NULL;0000-00-00 00:00:00;NULL;NULL
1364;Kielboot;86;1;0;NULL;0000-00-00 00:00:00;NULL;NULL
1366;Erkende klassen;86;1;0;NULL;0000-00-00 00:00:00;NULL;NULL
1367;Klassieke yachtklassen;86;1;0;NULL;0000-00-00 00:00:00;NULL;NULL
1368;Kitesurfen;86;1;0;NULL;0000-00-00 00:00:00;NULL;NULL
1369;Golfsurfen;86;1;0;NULL;0000-00-00 00:00:00;NULL;NULL
1379;Karabijn;70;1;0;10/03/2010 15:28;10/03/2010 15:28;NULL;NULL
2357;Erfgoed;359;1;0;8/03/2013 11:20;8/03/2013 11:20;468;468
2358;armoedebestrijding - huisbezoeken;360;0;1;21/02/2013 10:07;21/02/2013 10:09;1;1
2359;naschoolse studiebegeleiding in groep;362;1;0;21/02/2013 10:09;5/03/2013 14:56;1;4441
2360;naschoolse studiebegeleiding individueel;362;1;0;21/02/2013 10:09;5/03/2013 14:56;1;4441
2361;oudergroep;362;1;0;21/02/2013 10:09;5/03/2013 14:56;1;4441
2362;gemengde moeder- en vadergroep;363;1;0;21/02/2013 10:09;5/03/2013 14:56;1;4441
2363;moedergroep;363;1;0;21/02/2013 10:10;5/03/2013 14:56;1;4441
2364;Vadergroep;363;1;0;5/03/2013 14:56;5/03/2013 14:56;4441;4441
2365;Opvoedingsondersteuning individueel;363;1;0;5/03/2013 14:57;5/03/2013 14:57;4441;4441
2366;Individuele toeleiding naar diensten;363;1;0;5/03/2013 14:57;13/03/2013 11:06;4441;4997
2367;Groepswerking intercultureel opvoeden;363;1;0;5/03/2013 14:57;13/03/2013 11:06;4441;4997
2368;Individuele toeleiding naar diensten;364;1;0;5/03/2013 14:59;13/03/2013 11:01;4441;4997
2438;Infosessies arbeidsmarkt;364;1;0;13/03/2013 11:01;13/03/2013 11:01;4997;4997
2435;Infosessies gezondheidspreventie;365;1;0;13/03/2013 10:59;13/03/2013 10:59;4997;4997
2434;Thuiszorg;365;1;0;13/03/2013 10:59;13/03/2013 10:59;4997;4997
2373;Individuele toeleiding naar diensten;365;1;0;5/03/2013 15:01;5/03/2013 15:01;4441;4441
2374;Mantelzorg;365;1;0;5/03/2013 15:01;5/03/2013 15:01;4441;4441
2375;Lotgenotengroep;365;1;0;5/03/2013 15:02;5/03/2013 15:02;4441;4441
2376;Palliatieve zorg;365;1;0;5/03/2013 15:02;5/03/2013 15:02;4441;4441
2377;Groepsgerichte infosessies;366;1;0;5/03/2013 15:02;5/03/2013 15:02;4441;4441
2378;Individuele toeleiding naar diensten;366;1;0;5/03/2013 15:03;5/03/2013 15:03;4441;4441
2437;Begeleid zelfstandig wonen;366;1;0;13/03/2013 11:00;13/03/2013 11:00;4997;4997
2436;Huurdersbelangen;366;1;0;13/03/2013 11:00;13/03/2013 11:00;4997;4997
2381;Interculturele dialoog;367;1;0;5/03/2013 15:05;5/03/2013 15:05;4441;4441
2382;Eigen taal en cultuurbeleving;367;1;0;5/03/2013 15:06;5/03/2013 15:06;4441;4441
2383;Ontmoeting in eigen groep;367;1;0;5/03/2013 15:06;5/03/2013 15:06;4441;4441
2384;Interculturele ontmoeting en samenwerking;367;1;0;5/03/2013 15:06;5/03/2013 15:06;4441;4441
2385;Groepsgerichte inburgeringsactiviteiten;368;1;0;5/03/2013 15:07;5/03/2013 15:07;4441;4441
2386;Inburgeringscoaches;368;1;0;5/03/2013 15:07;5/03/2013 15:07;4441;4441
2387;Conversatiegroepen;369;1;0;5/03/2013 15:08;5/03/2013 15:08;4441;4441
2443;Projectwerk in het zuiden;373;1;0;13/03/2013 11:05;13/03/2013 11:05;4997;4997
2389;Regulier NT2-onderwijs;369;1;0;5/03/2013 15:09;5/03/2013 15:09;4441;4441
2449;Zwerkbal;21;1;0;27/03/2014 9:12;27/03/2014 9:12;28;28
2447;Aerobics;21;1;0;9/08/2013 9:04;9/08/2013 9:04;661;661
2446;Kangoo Jumps;21;1;0;7/08/2013 14:26;7/08/2013 14:26;28;28
2445;Netbal;21;0;0;23/05/2013 13:38;23/05/2013 13:38;661;661
2394;Daguitstap in groep;371;1;0;5/03/2013 15:38;5/03/2013 15:38;4441;4441
2395;Stadsbezoeken;371;1;0;5/03/2013 15:39;5/03/2013 15:39;4441;4441
2396;Groepsvakantie;371;1;0;5/03/2013 15:39;5/03/2013 15:39;4441;4441
2397;Interculturele relaties;372;1;0;5/03/2013 15:40;5/03/2013 15:40;4441;4441
2398;Preventie intrafamiliaal geweld;372;1;0;5/03/2013 15:40;13/03/2013 11:06;4441;4997
2399;Toeleiding mensen in echtscheiding;372;1;0;5/03/2013 15:41;5/03/2013 15:41;4441;4441
2400;Groepswerking lotgenoten;372;1;0;5/03/2013 15:42;5/03/2013 15:42;4441;4441
2401;Holebi- en transgenderthema's;372;1;0;5/03/2013 15:42;5/03/2013 15:43;4441;4441
2442;Fondsenwerving voor het zuiden;373;1;0;13/03/2013 11:04;13/03/2013 11:04;4997;4997
2404;Eerlijke handel;373;1;0;5/03/2013 15:44;5/03/2013 15:44;4441;4441
2428;Naaiatelier;377;1;0;13/03/2013 10:56;13/03/2013 10:56;4997;4997
2427;Modelbouwatelier;377;1;0;13/03/2013 10:56;13/03/2013 10:56;4997;4997
2426;Kookatelier;377;1;0;13/03/2013 10:56;13/03/2013 10:56;4997;4997
2425;Knutselatelier;377;1;0;13/03/2013 10:56;13/03/2013 10:56;4997;4997
2424;Houtatelier;377;1;0;13/03/2013 10:55;13/03/2013 10:55;4997;4997
2423;Breiatelier;377;1;0;13/03/2013 10:55;13/03/2013 10:55;4997;4997
2412;Alternatieve munt;375;1;0;5/03/2013 15:47;5/03/2013 15:47;4441;4441
2413;Ruilacties;375;1;0;5/03/2013 15:48;5/03/2013 15:48;4441;4441
2414;Warme buurt;375;1;0;5/03/2013 15:48;5/03/2013 15:48;4441;4441
2415;Buurtfeesten;375;1;0;5/03/2013 15:48;5/03/2013 15:48;4441;4441
2416;Noodhulp;376;1;0;13/03/2013 10:52;13/03/2013 10:52;4997;4997
2417;Individuele toeleiding naar diensten;376;1;0;13/03/2013 10:52;13/03/2013 10:52;4997;4997
2418;Groepsgerichte werking;376;1;0;13/03/2013 10:53;13/03/2013 10:53;4997;4997
2419;Sociale kruidenier;376;1;0;13/03/2013 10:53;13/03/2013 10:53;4997;4997
2420;Inspraak;375;1;0;13/03/2013 10:54;13/03/2013 10:54;4997;4997
2421;Lentepoets;375;1;0;13/03/2013 10:54;13/03/2013 10:54;4997;4997
2422;Buurthuis;375;1;0;13/03/2013 10:54;13/03/2013 10:54;4997;4997
2429;Groepsbezoek musea en tentoonstellingen;378;1;0;13/03/2013 10:57;13/03/2013 10:57;4997;4997
2430;Groepsbezoek concert, dans of theater;378;1;0;13/03/2013 10:57;13/03/2013 10:57;4997;4997
2431;Bespreken poëzie en literatuur;378;1;0;13/03/2013 10:58;13/03/2013 10:58;4997;4997
2432;Bespreken erfgoed;378;1;0;13/03/2013 10:58;13/03/2013 10:58;4997;4997
2433;Promotie eigen cultuur;367;1;0;13/03/2013 10:59;13/03/2013 10:59;4997;4997
2439;Beroepsopleiding;364;1;0;13/03/2013 11:01;13/03/2013 11:01;4997;4997
2440;Sociale tewerkstelling;364;1;0;13/03/2013 11:02;13/03/2013 11:02;4997;4997
2441;Infosessies over onderwijs;362;1;0;13/03/2013 11:03;13/03/2013 11:03;4997;4997
2444;Ontwikkelingssamenwerkingseducatie;373;1;0;13/03/2013 11:05;13/03/2013 11:05;4997;4997
2450;Nia;21;1;0;28/03/2014 10:23;28/03/2014 10:23;28;28
2451;Piloxing;21;1;0;28/03/2014 10:29;28/03/2014 10:29;28;28
2452;Hankumdo;77;1;0;26/08/2014 13:54;26/08/2014 13:54;28;28
2453;Hankido;77;1;0;26/08/2014 13:54;26/08/2014 13:54;28;28
2454;Krolf;21;1;0;8/10/2014 13:04;8/10/2014 13:13;28;28
2455;Flamenco;21;1;0;27/10/2014 11:34;27/10/2014 11:34;28;28
2456;Hip Hop;21;1;0;27/10/2014 11:34;27/10/2014 11:34;28;28
2457;Kleuterdans;21;1;0;27/10/2014 11:34;27/10/2014 11:34;28;28
2458;Streetdance;21;1;0;27/10/2014 11:35;27/10/2014 11:35;28;28
2460;Kizomba;21;1;0;28/10/2014 12:50;28/10/2014 12:50;28;28
2461;Bewegingsschool;21;1;0;3/03/2015 13:39;3/03/2015 13:39;28;28
2462;Breakdance;21;1;0;3/03/2015 13:40;3/03/2015 13:40;28;28
2463;G-atletiek;21;1;0;17/03/2015 15:37;17/03/2015 15:37;28;28
2464;Freerunning;21;1;0;17/03/2015 15:38;17/03/2015 15:40;28;28
2465;Rolstoelrugby;89;1;0;30/04/2015 13:09;30/04/2015 13:09;28;28
2466;Bodystretching;21;1;0;12/05/2015 8:34;12/05/2015 8:34;28;28
2467;Bodybalance;21;1;0;12/05/2015 8:34;12/05/2015 8:34;28;28
2468;Showdown;7;1;0;28/05/2015 14:40;28/05/2015 14:40;28;28
2469;aquacombat;21;1;0;5/06/2015 8:55;5/06/2015 8:55;28;28
2470;Mixed Martial Arts;21;1;0;15/06/2015 7:30;15/06/2015 7:30;28;28
2471;Cross Fight;21;1;0;15/06/2015 7:30;15/06/2015 7:30;28;28
2472;Kobudo;21;1;0;15/06/2015 7:30;15/06/2015 7:30;28;28
2473;Mind en happines;21;1;0;16/06/2015 8:07;16/06/2015 8:07;28;28
2474;Figuurtraining;21;1;0;16/06/2015 8:07;16/06/2015 8:07;28;28
2475;Partyrobics;21;1;0;16/06/2015 8:07;16/06/2015 8:07;28;28
2476;Discoswing;21;1;0;16/06/2015 8:08;16/06/2015 8:08;28;28
2477;Vario-robics;21;1;0;22/06/2015 14:19;22/06/2015 14:19;28;28
2478;Perfect Body;21;1;0;22/06/2015 14:19;22/06/2015 14:19;28;28
2479;Jump;21;1;0;22/06/2015 14:20;22/06/2015 14:20;28;28
